path,outputs
/work/pi_miyyer_umass_edu/ctpham/cs670-manga/data/input/detection/TsubasaNoKioku/064.json,/work/pi_miyyer_umass_edu/ctpham/cs670-manga/data/input/raw/TsubasaNoKioku/064.jpg,"[917, 1026, 208, 34]",永遠のアニマ＊おわり,End of the eternal anima,"<item_0><text>永遠のアニマ＊おわり</text><translation>End of the eternal anima</translation></item_0><item_1><text>掲載・「月刊マンガ少年」４０年４月期刊号</text><translation>Published in ""Monthly Manga Boy"" issue 40, April 1980</translation></item_1><item_2><text>キングおまえの想いおまんの愛おまぇの生きたすべてが――</text><translation>King, your thoughts, your love, your life... all of it...</translation></item_2><item_3><text>そして、</text><translation>And...</translation></item_3><item_4><text>ここで</text><translation>Here...</translation></item_4>",永遠のアニマ＊おわり
/work/pi_miyyer_umass_edu/ctpham/cs670-manga/data/input/detection/TsubasaNoKioku/064.json,/work/pi_miyyer_umass_edu/ctpham/cs670-manga/data/input/raw/TsubasaNoKioku/064.jpg,"[1488, 785, 33, 323]",掲載・「月刊マンガ少年」４０年４月期刊号,"Published in ""Monthly Manga Boy"" issue 40, April 1980","<item_0><text>永遠のアニマ＊おわり</text><translation>End of the eternal anima</translation></item_0><item_1><text>掲載・「月刊マンガ少年」４０年４月期刊号</text><translation>Published in ""Monthly Manga Boy"" issue 40, April 1980</translation></item_1><item_2><text>キングおまえの想いおまんの愛おまぇの生きたすべてが――</text><translation>King, your thoughts, your love, your life... all of it...</translation></item_2><item_3><text>そして、</text><translation>And...</translation></item_3><item_4><text>ここで</text><translation>Here...</translation></item_4>",掲載・「月刊マンガ少年」４０年４月期刊号
/work/pi_miyyer_umass_edu/ctpham/cs670-manga/data/input/detection/TsubasaNoKioku/064.json,/work/pi_miyyer_umass_edu/ctpham/cs670-manga/data/input/raw/TsubasaNoKioku/064.jpg,"[1330, 214, 148, 115]",キングおまえの想いおまんの愛おまぇの生きたすべてが――,"King, your thoughts, your love, your life... all of it...","<item_0><text>永遠のアニマ＊おわり</text><translation>End of the eternal anima</translation></item_0><item_1><text>掲載・「月刊マンガ少年」４０年４月期刊号</text><translation>Published in ""Monthly Manga Boy"" issue 40, April 1980</translation></item_1><item_2><text>キングおまえの想いおまんの愛おまぇの生きたすべてが――</text><translation>King, your thoughts, your love, your life... all of it...</translation></item_2><item_3><text>そして、</text><translation>And...</translation></item_3><item_4><text>ここで</text><translation>Here...</translation></item_4>",キングおまえの想いおまんの愛おまぇの生きたすべてが――
/work/pi_miyyer_umass_edu/ctpham/cs670-manga/data/input/detection/TsubasaNoKioku/064.json,/work/pi_miyyer_umass_edu/ctpham/cs670-manga/data/input/raw/TsubasaNoKioku/064.jpg,"[139, 141, 213, 167]",そして、,And...,"<item_0><text>永遠のアニマ＊おわり</text><translation>End of the eternal anima</translation></item_0><item_1><text>掲載・「月刊マンガ少年」４０年４月期刊号</text><translation>Published in ""Monthly Manga Boy"" issue 40, April 1980</translation></item_1><item_2><text>キングおまえの想いおまんの愛おまぇの生きたすべてが――</text><translation>King, your thoughts, your love, your life... all of it...</translation></item_2><item_3><text>そして、</text><translation>And...</translation></item_3><item_4><text>ここで</text><translation>Here...</translation></item_4>",そして、
/work/pi_miyyer_umass_edu/ctpham/cs670-manga/data/input/detection/TsubasaNoKioku/064.json,/work/pi_miyyer_umass_edu/ctpham/cs670-manga/data/input/raw/TsubasaNoKioku/064.jpg,"[392, 137, 218, 163]",ここで,Here...,"<item_0><text>永遠のアニマ＊おわり</text><translation>End of the eternal anima</translation></item_0><item_1><text>掲載・「月刊マンガ少年」４０年４月期刊号</text><translation>Published in ""Monthly Manga Boy"" issue 40, April 1980</translation></item_1><item_2><text>キングおまえの想いおまんの愛おまぇの生きたすべてが――</text><translation>King, your thoughts, your love, your life... all of it...</translation></item_2><item_3><text>そして、</text><translation>And...</translation></item_3><item_4><text>ここで</text><translation>Here...</translation></item_4>",ここで
/work/pi_miyyer_umass_edu/ctpham/cs670-manga/data/input/detection/TsubasaNoKioku/064.json,/work/pi_miyyer_umass_edu/ctpham/cs670-manga/data/input/raw/TsubasaNoKioku/064.jpg,"[917, 1026, 208, 34]",永遠のアニマ＊おわり,End of the eternal anima,"<item_0><text>永遠のアニマ＊おわり</text><translation>End of the eternal anima</translation></item_0><item_1><text>掲載・「月刊マンガ少年」４０年４月期刊号</text><translation>Published in ""Monthly Manga Boy"" issue 40, April 1980</translation></item_1><item_2><text>キングおまえの想いおまんの愛おまぇの生きたすべてが――</text><translation>King, your thoughts, your love, your life... all of it...</translation></item_2><item_3><text>そして、</text><translation>And...</translation></item_3><item_4><text>ここで</text><translation>Here...</translation></item_4>",永遠のアニマ＊おわり
/work/pi_miyyer_umass_edu/ctpham/cs670-manga/data/input/detection/TsubasaNoKioku/064.json,/work/pi_miyyer_umass_edu/ctpham/cs670-manga/data/input/raw/TsubasaNoKioku/064.jpg,"[1488, 785, 33, 323]",掲載・「月刊マンガ少年」４０年４月期刊号,"Published in ""Monthly Manga Boy"" issue 40, April 1980","<item_0><text>永遠のアニマ＊おわり</text><translation>End of the eternal anima</translation></item_0><item_1><text>掲載・「月刊マンガ少年」４０年４月期刊号</text><translation>Published in ""Monthly Manga Boy"" issue 40, April 1980</translation></item_1><item_2><text>キングおまえの想いおまんの愛おまぇの生きたすべてが――</text><translation>King, your thoughts, your love, your life... all of it...</translation></item_2><item_3><text>そして、</text><translation>And...</translation></item_3><item_4><text>ここで</text><translation>Here...</translation></item_4>",掲載・「月刊マンガ少年」４０年４月期刊号
/work/pi_miyyer_umass_edu/ctpham/cs670-manga/data/input/detection/TsubasaNoKioku/064.json,/work/pi_miyyer_umass_edu/ctpham/cs670-manga/data/input/raw/TsubasaNoKioku/064.jpg,"[1330, 214, 148, 115]",キングおまえの想いおまんの愛おまぇの生きたすべてが――,"King, your thoughts, your love, your life... all of it...","<item_0><text>永遠のアニマ＊おわり</text><translation>End of the eternal anima</translation></item_0><item_1><text>掲載・「月刊マンガ少年」４０年４月期刊号</text><translation>Published in ""Monthly Manga Boy"" issue 40, April 1980</translation></item_1><item_2><text>キングおまえの想いおまんの愛おまぇの生きたすべてが――</text><translation>King, your thoughts, your love, your life... all of it...</translation></item_2><item_3><text>そして、</text><translation>And...</translation></item_3><item_4><text>ここで</text><translation>Here...</translation></item_4>",キングおまえの想いおまんの愛おまぇの生きたすべてが――
/work/pi_miyyer_umass_edu/ctpham/cs670-manga/data/input/detection/TsubasaNoKioku/064.json,/work/pi_miyyer_umass_edu/ctpham/cs670-manga/data/input/raw/TsubasaNoKioku/064.jpg,"[139, 141, 213, 167]",そして、,And...,"<item_0><text>永遠のアニマ＊おわり</text><translation>End of the eternal anima</translation></item_0><item_1><text>掲載・「月刊マンガ少年」４０年４月期刊号</text><translation>Published in ""Monthly Manga Boy"" issue 40, April 1980</translation></item_1><item_2><text>キングおまえの想いおまんの愛おまぇの生きたすべてが――</text><translation>King, your thoughts, your love, your life... all of it...</translation></item_2><item_3><text>そして、</text><translation>And...</translation></item_3><item_4><text>ここで</text><translation>Here...</translation></item_4>",そして、
/work/pi_miyyer_umass_edu/ctpham/cs670-manga/data/input/detection/TsubasaNoKioku/064.json,/work/pi_miyyer_umass_edu/ctpham/cs670-manga/data/input/raw/TsubasaNoKioku/064.jpg,"[392, 137, 218, 163]",ここで,Here...,"<item_0><text>永遠のアニマ＊おわり</text><translation>End of the eternal anima</translation></item_0><item_1><text>掲載・「月刊マンガ少年」４０年４月期刊号</text><translation>Published in ""Monthly Manga Boy"" issue 40, April 1980</translation></item_1><item_2><text>キングおまえの想いおまんの愛おまぇの生きたすべてが――</text><translation>King, your thoughts, your love, your life... all of it...</translation></item_2><item_3><text>そして、</text><translation>And...</translation></item_3><item_4><text>ここで</text><translation>Here...</translation></item_4>",ここで
/work/pi_miyyer_umass_edu/ctpham/cs670-manga/data/input/detection/TsubasaNoKioku/065.json,/work/pi_miyyer_umass_edu/ctpham/cs670-manga/data/input/raw/TsubasaNoKioku/065.jpg,"[412, 1106, 50, 30]",１３１,,"<item_0><text>131</text><translation>131</translation></item_0><item_1><text>ピイッ</text><translation>Piit</translation></item_1><item_2><text>！！</text><translation>!!</translation></item_2><item_3><text>！</text><translation>!</translation></item_3><item_4><text>．．．</text><translation>...</translation></item_4><item_5><text>ピクッ</text><translation>Pikku</translation></item_5><item_6><text>ん</text><translation>nn</translation></item_6><item_7><text>！！！</text><translation>!!!</translation></item_7><item_8><text>．．．</text><translation>...</translation></item_8><item_9><text>．．．？？？</text><translation>...</translation></item_9><item_10><text>、</text><translation>,</translation></item_10><item_11><text>じゃん</text><translation>Jan</translation></item_11><item_12><text>いやーーッ</text><translation>Yaa...</translation></item_12><item_13><text>．．．</text><translation>...</translation></item_13><item_14><text>くっ</text><translation>Ku...</translation></item_14><item_15><text>．．．</text><translation>...</translation></item_15>",１３１
/work/pi_miyyer_umass_edu/ctpham/cs670-manga/data/input/detection/TsubasaNoKioku/065.json,/work/pi_miyyer_umass_edu/ctpham/cs670-manga/data/input/raw/TsubasaNoKioku/065.jpg,"[941, 1037, 33, 73]",ピイッ,,"<item_0><text>131</text><translation>131</translation></item_0><item_1><text>ピイッ</text><translation>Piit</translation></item_1><item_2><text>！！</text><translation>!!</translation></item_2><item_3><text>！</text><translation>!</translation></item_3><item_4><text>．．．</text><translation>...</translation></item_4><item_5><text>ピクッ</text><translation>Pikku</translation></item_5><item_6><text>ん</text><translation>nn</translation></item_6><item_7><text>！！！</text><translation>!!!</translation></item_7><item_8><text>．．．</text><translation>...</translation></item_8><item_9><text>．．．？？？</text><translation>...</translation></item_9><item_10><text>、</text><translation>,</translation></item_10><item_11><text>じゃん</text><translation>Jan</translation></item_11><item_12><text>いやーーッ</text><translation>Yaa...</translation></item_12><item_13><text>．．．</text><translation>...</translation></item_13><item_14><text>くっ</text><translation>Ku...</translation></item_14><item_15><text>．．．</text><translation>...</translation></item_15>",ピイッ
/work/pi_miyyer_umass_edu/ctpham/cs670-manga/data/input/detection/TsubasaNoKioku/065.json,/work/pi_miyyer_umass_edu/ctpham/cs670-manga/data/input/raw/TsubasaNoKioku/065.jpg,"[1408, 1008, 75, 156]",！！,,"<item_0><text>131</text><translation>131</translation></item_0><item_1><text>ピイッ</text><translation>Piit</translation></item_1><item_2><text>！！</text><translation>!!</translation></item_2><item_3><text>！</text><translation>!</translation></item_3><item_4><text>．．．</text><translation>...</translation></item_4><item_5><text>ピクッ</text><translation>Pikku</translation></item_5><item_6><text>ん</text><translation>nn</translation></item_6><item_7><text>！！！</text><translation>!!!</translation></item_7><item_8><text>．．．</text><translation>...</translation></item_8><item_9><text>．．．？？？</text><translation>...</translation></item_9><item_10><text>、</text><translation>,</translation></item_10><item_11><text>じゃん</text><translation>Jan</translation></item_11><item_12><text>いやーーッ</text><translation>Yaa...</translation></item_12><item_13><text>．．．</text><translation>...</translation></item_13><item_14><text>くっ</text><translation>Ku...</translation></item_14><item_15><text>．．．</text><translation>...</translation></item_15>",！！
/work/pi_miyyer_umass_edu/ctpham/cs670-manga/data/input/detection/TsubasaNoKioku/065.json,/work/pi_miyyer_umass_edu/ctpham/cs670-manga/data/input/raw/TsubasaNoKioku/065.jpg,"[385, 950, 38, 33]",！,,"<item_0><text>131</text><translation>131</translation></item_0><item_1><text>ピイッ</text><translation>Piit</translation></item_1><item_2><text>！！</text><translation>!!</translation></item_2><item_3><text>！</text><translation>!</translation></item_3><item_4><text>．．．</text><translation>...</translation></item_4><item_5><text>ピクッ</text><translation>Pikku</translation></item_5><item_6><text>ん</text><translation>nn</translation></item_6><item_7><text>！！！</text><translation>!!!</translation></item_7><item_8><text>．．．</text><translation>...</translation></item_8><item_9><text>．．．？？？</text><translation>...</translation></item_9><item_10><text>、</text><translation>,</translation></item_10><item_11><text>じゃん</text><translation>Jan</translation></item_11><item_12><text>いやーーッ</text><translation>Yaa...</translation></item_12><item_13><text>．．．</text><translation>...</translation></item_13><item_14><text>くっ</text><translation>Ku...</translation></item_14><item_15><text>．．．</text><translation>...</translation></item_15>",！
/work/pi_miyyer_umass_edu/ctpham/cs670-manga/data/input/detection/TsubasaNoKioku/065.json,/work/pi_miyyer_umass_edu/ctpham/cs670-manga/data/input/raw/TsubasaNoKioku/065.jpg,"[1424, 768, 137, 228]",．．．,,"<item_0><text>131</text><translation>131</translation></item_0><item_1><text>ピイッ</text><translation>Piit</translation></item_1><item_2><text>！！</text><translation>!!</translation></item_2><item_3><text>！</text><translation>!</translation></item_3><item_4><text>．．．</text><translation>...</translation></item_4><item_5><text>ピクッ</text><translation>Pikku</translation></item_5><item_6><text>ん</text><translation>nn</translation></item_6><item_7><text>！！！</text><translation>!!!</translation></item_7><item_8><text>．．．</text><translation>...</translation></item_8><item_9><text>．．．？？？</text><translation>...</translation></item_9><item_10><text>、</text><translation>,</translation></item_10><item_11><text>じゃん</text><translation>Jan</translation></item_11><item_12><text>いやーーッ</text><translation>Yaa...</translation></item_12><item_13><text>．．．</text><translation>...</translation></item_13><item_14><text>くっ</text><translation>Ku...</translation></item_14><item_15><text>．．．</text><translation>...</translation></item_15>",．．．
/work/pi_miyyer_umass_edu/ctpham/cs670-manga/data/input/detection/TsubasaNoKioku/065.json,/work/pi_miyyer_umass_edu/ctpham/cs670-manga/data/input/raw/TsubasaNoKioku/065.jpg,"[932, 707, 43, 87]",ピクッ,,"<item_0><text>131</text><translation>131</translation></item_0><item_1><text>ピイッ</text><translation>Piit</translation></item_1><item_2><text>！！</text><translation>!!</translation></item_2><item_3><text>！</text><translation>!</translation></item_3><item_4><text>．．．</text><translation>...</translation></item_4><item_5><text>ピクッ</text><translation>Pikku</translation></item_5><item_6><text>ん</text><translation>nn</translation></item_6><item_7><text>！！！</text><translation>!!!</translation></item_7><item_8><text>．．．</text><translation>...</translation></item_8><item_9><text>．．．？？？</text><translation>...</translation></item_9><item_10><text>、</text><translation>,</translation></item_10><item_11><text>じゃん</text><translation>Jan</translation></item_11><item_12><text>いやーーッ</text><translation>Yaa...</translation></item_12><item_13><text>．．．</text><translation>...</translation></item_13><item_14><text>くっ</text><translation>Ku...</translation></item_14><item_15><text>．．．</text><translation>...</translation></item_15>",ピクッ
/work/pi_miyyer_umass_edu/ctpham/cs670-manga/data/input/detection/TsubasaNoKioku/065.json,/work/pi_miyyer_umass_edu/ctpham/cs670-manga/data/input/raw/TsubasaNoKioku/065.jpg,"[731, 690, 30, 23]",ん,,"<item_0><text>131</text><translation>131</translation></item_0><item_1><text>ピイッ</text><translation>Piit</translation></item_1><item_2><text>！！</text><translation>!!</translation></item_2><item_3><text>！</text><translation>!</translation></item_3><item_4><text>．．．</text><translation>...</translation></item_4><item_5><text>ピクッ</text><translation>Pikku</translation></item_5><item_6><text>ん</text><translation>nn</translation></item_6><item_7><text>！！！</text><translation>!!!</translation></item_7><item_8><text>．．．</text><translation>...</translation></item_8><item_9><text>．．．？？？</text><translation>...</translation></item_9><item_10><text>、</text><translation>,</translation></item_10><item_11><text>じゃん</text><translation>Jan</translation></item_11><item_12><text>いやーーッ</text><translation>Yaa...</translation></item_12><item_13><text>．．．</text><translation>...</translation></item_13><item_14><text>くっ</text><translation>Ku...</translation></item_14><item_15><text>．．．</text><translation>...</translation></item_15>",ん
/work/pi_miyyer_umass_edu/ctpham/cs670-manga/data/input/detection/TsubasaNoKioku/065.json,/work/pi_miyyer_umass_edu/ctpham/cs670-manga/data/input/raw/TsubasaNoKioku/065.jpg,"[578, 687, 50, 53]",！！！,,"<item_0><text>131</text><translation>131</translation></item_0><item_1><text>ピイッ</text><translation>Piit</translation></item_1><item_2><text>！！</text><translation>!!</translation></item_2><item_3><text>！</text><translation>!</translation></item_3><item_4><text>．．．</text><translation>...</translation></item_4><item_5><text>ピクッ</text><translation>Pikku</translation></item_5><item_6><text>ん</text><translation>nn</translation></item_6><item_7><text>！！！</text><translation>!!!</translation></item_7><item_8><text>．．．</text><translation>...</translation></item_8><item_9><text>．．．？？？</text><translation>...</translation></item_9><item_10><text>、</text><translation>,</translation></item_10><item_11><text>じゃん</text><translation>Jan</translation></item_11><item_12><text>いやーーッ</text><translation>Yaa...</translation></item_12><item_13><text>．．．</text><translation>...</translation></item_13><item_14><text>くっ</text><translation>Ku...</translation></item_14><item_15><text>．．．</text><translation>...</translation></item_15>",！！！
/work/pi_miyyer_umass_edu/ctpham/cs670-manga/data/input/detection/TsubasaNoKioku/065.json,/work/pi_miyyer_umass_edu/ctpham/cs670-manga/data/input/raw/TsubasaNoKioku/065.jpg,"[1298, 618, 17, 19]",．．．,,"<item_0><text>131</text><translation>131</translation></item_0><item_1><text>ピイッ</text><translation>Piit</translation></item_1><item_2><text>！！</text><translation>!!</translation></item_2><item_3><text>！</text><translation>!</translation></item_3><item_4><text>．．．</text><translation>...</translation></item_4><item_5><text>ピクッ</text><translation>Pikku</translation></item_5><item_6><text>ん</text><translation>nn</translation></item_6><item_7><text>！！！</text><translation>!!!</translation></item_7><item_8><text>．．．</text><translation>...</translation></item_8><item_9><text>．．．？？？</text><translation>...</translation></item_9><item_10><text>、</text><translation>,</translation></item_10><item_11><text>じゃん</text><translation>Jan</translation></item_11><item_12><text>いやーーッ</text><translation>Yaa...</translation></item_12><item_13><text>．．．</text><translation>...</translation></item_13><item_14><text>くっ</text><translation>Ku...</translation></item_14><item_15><text>．．．</text><translation>...</translation></item_15>",．．．
/work/pi_miyyer_umass_edu/ctpham/cs670-manga/data/input/detection/TsubasaNoKioku/065.json,/work/pi_miyyer_umass_edu/ctpham/cs670-manga/data/input/raw/TsubasaNoKioku/065.jpg,"[1145, 556, 54, 91]",．．．？？？,,"<item_0><text>131</text><translation>131</translation></item_0><item_1><text>ピイッ</text><translation>Piit</translation></item_1><item_2><text>！！</text><translation>!!</translation></item_2><item_3><text>！</text><translation>!</translation></item_3><item_4><text>．．．</text><translation>...</translation></item_4><item_5><text>ピクッ</text><translation>Pikku</translation></item_5><item_6><text>ん</text><translation>nn</translation></item_6><item_7><text>！！！</text><translation>!!!</translation></item_7><item_8><text>．．．</text><translation>...</translation></item_8><item_9><text>．．．？？？</text><translation>...</translation></item_9><item_10><text>、</text><translation>,</translation></item_10><item_11><text>じゃん</text><translation>Jan</translation></item_11><item_12><text>いやーーッ</text><translation>Yaa...</translation></item_12><item_13><text>．．．</text><translation>...</translation></item_13><item_14><text>くっ</text><translation>Ku...</translation></item_14><item_15><text>．．．</text><translation>...</translation></item_15>",．．．？？？
/work/pi_miyyer_umass_edu/ctpham/cs670-manga/data/input/detection/TsubasaNoKioku/065.json,/work/pi_miyyer_umass_edu/ctpham/cs670-manga/data/input/raw/TsubasaNoKioku/065.jpg,"[280, 540, 26, 35]",、,,"<item_0><text>131</text><translation>131</translation></item_0><item_1><text>ピイッ</text><translation>Piit</translation></item_1><item_2><text>！！</text><translation>!!</translation></item_2><item_3><text>！</text><translation>!</translation></item_3><item_4><text>．．．</text><translation>...</translation></item_4><item_5><text>ピクッ</text><translation>Pikku</translation></item_5><item_6><text>ん</text><translation>nn</translation></item_6><item_7><text>！！！</text><translation>!!!</translation></item_7><item_8><text>．．．</text><translation>...</translation></item_8><item_9><text>．．．？？？</text><translation>...</translation></item_9><item_10><text>、</text><translation>,</translation></item_10><item_11><text>じゃん</text><translation>Jan</translation></item_11><item_12><text>いやーーッ</text><translation>Yaa...</translation></item_12><item_13><text>．．．</text><translation>...</translation></item_13><item_14><text>くっ</text><translation>Ku...</translation></item_14><item_15><text>．．．</text><translation>...</translation></item_15>",、
/work/pi_miyyer_umass_edu/ctpham/cs670-manga/data/input/detection/TsubasaNoKioku/065.json,/work/pi_miyyer_umass_edu/ctpham/cs670-manga/data/input/raw/TsubasaNoKioku/065.jpg,"[977, 376, 31, 47]",じゃん,,"<item_0><text>131</text><translation>131</translation></item_0><item_1><text>ピイッ</text><translation>Piit</translation></item_1><item_2><text>！！</text><translation>!!</translation></item_2><item_3><text>！</text><translation>!</translation></item_3><item_4><text>．．．</text><translation>...</translation></item_4><item_5><text>ピクッ</text><translation>Pikku</translation></item_5><item_6><text>ん</text><translation>nn</translation></item_6><item_7><text>！！！</text><translation>!!!</translation></item_7><item_8><text>．．．</text><translation>...</translation></item_8><item_9><text>．．．？？？</text><translation>...</translation></item_9><item_10><text>、</text><translation>,</translation></item_10><item_11><text>じゃん</text><translation>Jan</translation></item_11><item_12><text>いやーーッ</text><translation>Yaa...</translation></item_12><item_13><text>．．．</text><translation>...</translation></item_13><item_14><text>くっ</text><translation>Ku...</translation></item_14><item_15><text>．．．</text><translation>...</translation></item_15>",じゃん
/work/pi_miyyer_umass_edu/ctpham/cs670-manga/data/input/detection/TsubasaNoKioku/065.json,/work/pi_miyyer_umass_edu/ctpham/cs670-manga/data/input/raw/TsubasaNoKioku/065.jpg,"[335, 288, 130, 404]",いやーーッ,,"<item_0><text>131</text><translation>131</translation></item_0><item_1><text>ピイッ</text><translation>Piit</translation></item_1><item_2><text>！！</text><translation>!!</translation></item_2><item_3><text>！</text><translation>!</translation></item_3><item_4><text>．．．</text><translation>...</translation></item_4><item_5><text>ピクッ</text><translation>Pikku</translation></item_5><item_6><text>ん</text><translation>nn</translation></item_6><item_7><text>！！！</text><translation>!!!</translation></item_7><item_8><text>．．．</text><translation>...</translation></item_8><item_9><text>．．．？？？</text><translation>...</translation></item_9><item_10><text>、</text><translation>,</translation></item_10><item_11><text>じゃん</text><translation>Jan</translation></item_11><item_12><text>いやーーッ</text><translation>Yaa...</translation></item_12><item_13><text>．．．</text><translation>...</translation></item_13><item_14><text>くっ</text><translation>Ku...</translation></item_14><item_15><text>．．．</text><translation>...</translation></item_15>",いやーーッ
/work/pi_miyyer_umass_edu/ctpham/cs670-manga/data/input/detection/TsubasaNoKioku/065.json,/work/pi_miyyer_umass_edu/ctpham/cs670-manga/data/input/raw/TsubasaNoKioku/065.jpg,"[318, 126, 73, 103]",．．．,,"<item_0><text>131</text><translation>131</translation></item_0><item_1><text>ピイッ</text><translation>Piit</translation></item_1><item_2><text>！！</text><translation>!!</translation></item_2><item_3><text>！</text><translation>!</translation></item_3><item_4><text>．．．</text><translation>...</translation></item_4><item_5><text>ピクッ</text><translation>Pikku</translation></item_5><item_6><text>ん</text><translation>nn</translation></item_6><item_7><text>！！！</text><translation>!!!</translation></item_7><item_8><text>．．．</text><translation>...</translation></item_8><item_9><text>．．．？？？</text><translation>...</translation></item_9><item_10><text>、</text><translation>,</translation></item_10><item_11><text>じゃん</text><translation>Jan</translation></item_11><item_12><text>いやーーッ</text><translation>Yaa...</translation></item_12><item_13><text>．．．</text><translation>...</translation></item_13><item_14><text>くっ</text><translation>Ku...</translation></item_14><item_15><text>．．．</text><translation>...</translation></item_15>",．．．
/work/pi_miyyer_umass_edu/ctpham/cs670-manga/data/input/detection/TsubasaNoKioku/065.json,/work/pi_miyyer_umass_edu/ctpham/cs670-manga/data/input/raw/TsubasaNoKioku/065.jpg,"[249, 92, 115, 78]",くっ,,"<item_0><text>131</text><translation>131</translation></item_0><item_1><text>ピイッ</text><translation>Piit</translation></item_1><item_2><text>！！</text><translation>!!</translation></item_2><item_3><text>！</text><translation>!</translation></item_3><item_4><text>．．．</text><translation>...</translation></item_4><item_5><text>ピクッ</text><translation>Pikku</translation></item_5><item_6><text>ん</text><translation>nn</translation></item_6><item_7><text>！！！</text><translation>!!!</translation></item_7><item_8><text>．．．</text><translation>...</translation></item_8><item_9><text>．．．？？？</text><translation>...</translation></item_9><item_10><text>、</text><translation>,</translation></item_10><item_11><text>じゃん</text><translation>Jan</translation></item_11><item_12><text>いやーーッ</text><translation>Yaa...</translation></item_12><item_13><text>．．．</text><translation>...</translation></item_13><item_14><text>くっ</text><translation>Ku...</translation></item_14><item_15><text>．．．</text><translation>...</translation></item_15>",くっ
/work/pi_miyyer_umass_edu/ctpham/cs670-manga/data/input/detection/TsubasaNoKioku/065.json,/work/pi_miyyer_umass_edu/ctpham/cs670-manga/data/input/raw/TsubasaNoKioku/065.jpg,"[190, 81, 31, 19]",．．．,,"<item_0><text>131</text><translation>131</translation></item_0><item_1><text>ピイッ</text><translation>Piit</translation></item_1><item_2><text>！！</text><translation>!!</translation></item_2><item_3><text>！</text><translation>!</translation></item_3><item_4><text>．．．</text><translation>...</translation></item_4><item_5><text>ピクッ</text><translation>Pikku</translation></item_5><item_6><text>ん</text><translation>nn</translation></item_6><item_7><text>！！！</text><translation>!!!</translation></item_7><item_8><text>．．．</text><translation>...</translation></item_8><item_9><text>．．．？？？</text><translation>...</translation></item_9><item_10><text>、</text><translation>,</translation></item_10><item_11><text>じゃん</text><translation>Jan</translation></item_11><item_12><text>いやーーッ</text><translation>Yaa...</translation></item_12><item_13><text>．．．</text><translation>...</translation></item_13><item_14><text>くっ</text><translation>Ku...</translation></item_14><item_15><text>．．．</text><translation>...</translation></item_15>",．．．
